created,modified,id,signalman_id,status,longitude,latitude,altitude
00:57.1,00:57.1,28491,5f20ab04-5080-4612-b49d-c5a34844f282,enabled,34.7862011,32.0918221,19.3957925
01:12.0,01:12.0,28492,5f20ab04-5080-4612-b49d-c5a34844f282,enabled,34.7842634,32.0933875,22.30921761
01:27.0,01:27.0,28493,5f20ab04-5080-4612-b49d-c5a34844f282,enabled,34.786203,32.0918134,20.01499993
01:42.0,01:42.0,28494,5f20ab04-5080-4612-b49d-c5a34844f282,enabled,34.7856442,32.0901512,18.76060748
01:57.0,01:57.0,28495,5f20ab04-5080-4612-b49d-c5a34844f282,enabled,34.7861389,32.0919576,26.89746394
02:12.1,02:12.1,28496,5f20ab04-5080-4612-b49d-c5a34844f282,enabled,34.7861532,32.0919565,29.14112939
02:27.0,02:27.0,28497,5f20ab04-5080-4612-b49d-c5a34844f282,enabled,34.7861675,32.0920515,36.27320625
02:42.0,02:42.0,28498,5f20ab04-5080-4612-b49d-c5a34844f282,enabled,34.7862981,32.09202,42.1111237
02:57.1,02:57.1,28499,5f20ab04-5080-4612-b49d-c5a34844f282,enabled,34.7862705,32.0920335,41.56121962
03:12.0,03:12.0,28500,5f20ab04-5080-4612-b49d-c5a34844f282,enabled,34.7862695,32.0920541,36.46334622
03:27.1,03:27.1,28501,5f20ab04-5080-4612-b49d-c5a34844f282,enabled,34.7861172,32.0919692,34.06790142
03:42.2,03:42.2,28502,5f20ab04-5080-4612-b49d-c5a34844f282,enabled,34.786118,32.0920039,34.08047793
03:57.1,03:57.1,28503,5f20ab04-5080-4612-b49d-c5a34844f282,enabled,34.783573,32.0936034,32.78554108
04:12.1,04:12.1,28504,5f20ab04-5080-4612-b49d-c5a34844f282,enabled,34.783573,32.0936034,32.87115832
04:27.1,04:27.1,28505,5f20ab04-5080-4612-b49d-c5a34844f282,enabled,34.783573,32.0936034,32.92845946
04:42.0,04:42.0,28506,5f20ab04-5080-4612-b49d-c5a34844f282,enabled,34.783573,32.0936034,27.65633978
04:52.9,04:52.9,28507,6c8dce56-da40-4c5e-9bba-eedc513fe4c9,enabled,34.78634555,32.09188894,18.37435532
04:54.3,04:54.3,28508,6c8dce56-da40-4c5e-9bba-eedc513fe4c9,enabled,34.78547442,32.09279209,4.319667816
04:57.0,04:57.0,28509,5f20ab04-5080-4612-b49d-c5a34844f282,enabled,34.783573,32.0936034,32.28684499
05:01.8,05:01.8,28510,6c8dce56-da40-4c5e-9bba-eedc513fe4c9,enabled,34.78615411,32.09207556,8.311916351
05:02.8,05:02.8,28511,6c8dce56-da40-4c5e-9bba-eedc513fe4c9,enabled,34.78634555,32.09188894,18.37435532
05:04.3,05:04.3,28512,6c8dce56-da40-4c5e-9bba-eedc513fe4c9,enabled,34.78547442,32.09279209,4.319667816
05:12.1,05:12.1,28513,5f20ab04-5080-4612-b49d-c5a34844f282,enabled,34.7862384,32.0920733,30.70522786
05:12.9,05:12.9,28514,6c8dce56-da40-4c5e-9bba-eedc513fe4c9,enabled,34.78634555,32.09188894,18.37435532
05:14.3,05:14.3,28515,6c8dce56-da40-4c5e-9bba-eedc513fe4c9,enabled,34.78547442,32.09279209,4.319667816
05:18.1,05:18.1,28516,6c8dce56-da40-4c5e-9bba-eedc513fe4c9,enabled,34.78617146,32.09214974,5.180812836
05:22.9,05:22.9,28517,6c8dce56-da40-4c5e-9bba-eedc513fe4c9,enabled,34.78634555,32.09188894,18.37435532
05:24.3,05:24.3,28518,6c8dce56-da40-4c5e-9bba-eedc513fe4c9,enabled,34.78547442,32.09279209,4.319667816
05:27.1,05:27.1,28519,5f20ab04-5080-4612-b49d-c5a34844f282,enabled,34.783573,32.0936034,30.6936068
05:33.0,05:33.0,28520,6c8dce56-da40-4c5e-9bba-eedc513fe4c9,enabled,34.78611815,32.09219647,4.631801605
05:33.7,05:33.7,28521,6c8dce56-da40-4c5e-9bba-eedc513fe4c9,enabled,34.78634555,32.09188894,18.37435532
05:34.2,05:34.2,28522,6c8dce56-da40-4c5e-9bba-eedc513fe4c9,enabled,34.78547442,32.09279209,4.319667816
05:42.1,05:42.1,28523,5f20ab04-5080-4612-b49d-c5a34844f282,enabled,34.7860069,32.0922018,36.80283163
05:43.0,05:43.0,28524,6c8dce56-da40-4c5e-9bba-eedc513fe4c9,enabled,34.78634555,32.09188894,18.37435532
05:44.3,05:44.3,28525,6c8dce56-da40-4c5e-9bba-eedc513fe4c9,enabled,34.78547442,32.09279209,4.319667816
05:48.3,05:48.3,28526,6c8dce56-da40-4c5e-9bba-eedc513fe4c9,enabled,34.78613768,32.09219039,5.021816254
05:52.9,05:52.9,28527,6c8dce56-da40-4c5e-9bba-eedc513fe4c9,enabled,34.78634555,32.09188894,18.37435532
05:54.4,05:54.4,28528,6c8dce56-da40-4c5e-9bba-eedc513fe4c9,enabled,34.78547442,32.09279209,4.319667816
05:57.1,05:57.1,28529,5f20ab04-5080-4612-b49d-c5a34844f282,enabled,34.7861293,32.0922446,26.1473968
06:03.5,06:03.5,28530,6c8dce56-da40-4c5e-9bba-eedc513fe4c9,enabled,34.78612469,32.09225925,5.031093597
06:03.6,06:03.6,28531,6c8dce56-da40-4c5e-9bba-eedc513fe4c9,enabled,34.78634555,32.09188894,18.37435532
06:04.3,06:04.3,28532,6c8dce56-da40-4c5e-9bba-eedc513fe4c9,enabled,34.78547442,32.09279209,4.319667816
06:12.2,06:12.2,28533,5f20ab04-5080-4612-b49d-c5a34844f282,enabled,34.7861622,32.0922859,25.6841849
06:13.0,06:13.0,28534,6c8dce56-da40-4c5e-9bba-eedc513fe4c9,enabled,34.78634555,32.09188894,18.37435532
06:14.4,06:14.4,28535,6c8dce56-da40-4c5e-9bba-eedc513fe4c9,enabled,34.78547442,32.09279209,4.319667816
06:18.9,06:18.9,28536,6c8dce56-da40-4c5e-9bba-eedc513fe4c9,enabled,34.78612946,32.09227019,5.666408539
06:23.0,06:23.0,28537,6c8dce56-da40-4c5e-9bba-eedc513fe4c9,enabled,34.78634555,32.09188894,18.37435532
06:24.2,06:24.2,28538,6c8dce56-da40-4c5e-9bba-eedc513fe4c9,enabled,34.78547442,32.09279209,4.319667816
06:27.1,06:27.1,28539,5f20ab04-5080-4612-b49d-c5a34844f282,enabled,34.7861628,32.0922862,21.3975358
06:32.9,06:32.9,28540,6c8dce56-da40-4c5e-9bba-eedc513fe4c9,enabled,34.78634555,32.09188894,18.37435532
06:33.6,06:33.6,28541,6c8dce56-da40-4c5e-9bba-eedc513fe4c9,enabled,34.7863137,32.09236025,5.686672211
06:34.3,06:34.3,28542,6c8dce56-da40-4c5e-9bba-eedc513fe4c9,enabled,34.78547442,32.09279209,4.319667816
06:42.1,06:42.1,28543,5f20ab04-5080-4612-b49d-c5a34844f282,enabled,34.7861739,32.0922882,22.62540844
06:42.9,06:42.9,28544,6c8dce56-da40-4c5e-9bba-eedc513fe4c9,enabled,34.78634555,32.09188894,18.37435532
06:44.4,06:44.4,28545,6c8dce56-da40-4c5e-9bba-eedc513fe4c9,enabled,34.78547442,32.09279209,4.319667816
06:49.7,06:49.7,28546,6c8dce56-da40-4c5e-9bba-eedc513fe4c9,enabled,34.78670488,32.09246314,6.933742523
06:53.1,06:53.1,28547,6c8dce56-da40-4c5e-9bba-eedc513fe4c9,enabled,34.78634555,32.09188894,18.37435532
06:54.3,06:54.3,28548,6c8dce56-da40-4c5e-9bba-eedc513fe4c9,enabled,34.78547442,32.09279209,4.319667816
06:57.2,06:57.2,28549,5f20ab04-5080-4612-b49d-c5a34844f282,enabled,34.7866195,32.0923793,30.9193919
07:03.1,07:03.1,28550,6c8dce56-da40-4c5e-9bba-eedc513fe4c9,enabled,34.78634555,32.09188894,18.37435532
07:04.3,07:04.3,28551,6c8dce56-da40-4c5e-9bba-eedc513fe4c9,enabled,34.78547442,32.09279209,4.319667816
07:04.3,07:04.3,28552,6c8dce56-da40-4c5e-9bba-eedc513fe4c9,enabled,34.78717393,32.09252186,5.824306488
07:12.3,07:12.3,28553,5f20ab04-5080-4612-b49d-c5a34844f282,enabled,34.7870349,32.0925065,33.49052121
07:12.9,07:12.9,28554,6c8dce56-da40-4c5e-9bba-eedc513fe4c9,enabled,34.78634555,32.09188894,18.37435532
07:14.3,07:14.3,28555,6c8dce56-da40-4c5e-9bba-eedc513fe4c9,enabled,34.78547442,32.09279209,4.319667816
07:20.4,07:20.4,28556,6c8dce56-da40-4c5e-9bba-eedc513fe4c9,enabled,34.78722272,32.09295784,6.821071625
07:22.8,07:22.8,28557,6c8dce56-da40-4c5e-9bba-eedc513fe4c9,enabled,34.78634555,32.09188894,18.37435532
07:24.3,07:24.3,28558,6c8dce56-da40-4c5e-9bba-eedc513fe4c9,enabled,34.78547442,32.09279209,4.319667816
07:27.2,07:27.2,28559,5f20ab04-5080-4612-b49d-c5a34844f282,enabled,34.7871985,32.0929173,33.96741143
07:33.1,07:33.1,28560,6c8dce56-da40-4c5e-9bba-eedc513fe4c9,enabled,34.78634555,32.09188894,18.37435532
07:34.2,07:34.2,28561,6c8dce56-da40-4c5e-9bba-eedc513fe4c9,enabled,34.78547442,32.09279209,4.319667816
07:35.0,07:35.0,28562,6c8dce56-da40-4c5e-9bba-eedc513fe4c9,enabled,34.78725314,32.09331868,6.706447601
07:42.5,07:42.5,28563,5f20ab04-5080-4612-b49d-c5a34844f282,enabled,34.787218,32.0932507,28.06321234
07:42.9,07:42.9,28564,6c8dce56-da40-4c5e-9bba-eedc513fe4c9,enabled,34.78634555,32.09188894,18.37435532
07:44.4,07:44.4,28565,6c8dce56-da40-4c5e-9bba-eedc513fe4c9,enabled,34.78547442,32.09279209,4.319667816
07:51.0,07:51.0,28566,6c8dce56-da40-4c5e-9bba-eedc513fe4c9,enabled,34.78717427,32.09366691,6.759243011
07:53.0,07:53.0,28567,6c8dce56-da40-4c5e-9bba-eedc513fe4c9,enabled,34.78634555,32.09188894,18.37435532
07:54.3,07:54.3,28568,6c8dce56-da40-4c5e-9bba-eedc513fe4c9,enabled,34.78547442,32.09279209,4.319667816
07:57.2,07:57.2,28569,5f20ab04-5080-4612-b49d-c5a34844f282,enabled,34.7872284,32.0937571,27.02211533
08:03.0,08:03.0,28570,6c8dce56-da40-4c5e-9bba-eedc513fe4c9,enabled,34.78634555,32.09188894,18.37435532
08:04.3,08:04.3,28571,6c8dce56-da40-4c5e-9bba-eedc513fe4c9,enabled,34.78547442,32.09279209,4.319667816
08:05.8,08:05.8,28572,6c8dce56-da40-4c5e-9bba-eedc513fe4c9,enabled,34.78724577,32.09404066,7.161586761
08:12.2,08:12.2,28573,5f20ab04-5080-4612-b49d-c5a34844f282,enabled,34.7874253,32.0938997,28.60956318
08:12.9,08:12.9,28574,6c8dce56-da40-4c5e-9bba-eedc513fe4c9,enabled,34.78634555,32.09188894,18.37435532
08:14.3,08:14.3,28575,6c8dce56-da40-4c5e-9bba-eedc513fe4c9,enabled,34.78547442,32.09279209,4.319667816
08:21.4,08:21.4,28576,6c8dce56-da40-4c5e-9bba-eedc513fe4c9,enabled,34.78737745,32.09435431,8.289211273
08:23.0,08:23.0,28577,6c8dce56-da40-4c5e-9bba-eedc513fe4c9,enabled,34.78634555,32.09188894,18.37435532
08:24.3,08:24.3,28578,6c8dce56-da40-4c5e-9bba-eedc513fe4c9,enabled,34.78547442,32.09279209,4.319667816
08:27.2,08:27.2,28579,5f20ab04-5080-4612-b49d-c5a34844f282,enabled,34.7872146,32.0942133,32.80891764
08:33.1,08:33.1,28580,6c8dce56-da40-4c5e-9bba-eedc513fe4c9,enabled,34.78634555,32.09188894,18.37435532
08:34.3,08:34.3,28581,6c8dce56-da40-4c5e-9bba-eedc513fe4c9,enabled,34.78547442,32.09279209,4.319667816
08:36.6,08:36.6,28582,6c8dce56-da40-4c5e-9bba-eedc513fe4c9,enabled,34.78735565,32.09477982,8.319057465
08:42.6,08:42.6,28583,5f20ab04-5080-4612-b49d-c5a34844f282,enabled,34.7872011,32.0946001,45.32162575
08:43.0,08:43.0,28584,6c8dce56-da40-4c5e-9bba-eedc513fe4c9,enabled,34.78634555,32.09188894,18.37435532
08:44.4,08:44.4,28585,6c8dce56-da40-4c5e-9bba-eedc513fe4c9,enabled,34.78547442,32.09279209,4.319667816
08:52.5,08:52.5,28586,6c8dce56-da40-4c5e-9bba-eedc513fe4c9,enabled,34.78729304,32.09519233,7.532375336
08:53.0,08:53.0,28587,6c8dce56-da40-4c5e-9bba-eedc513fe4c9,enabled,34.78634555,32.09188894,18.37435532
08:54.4,08:54.4,28588,6c8dce56-da40-4c5e-9bba-eedc513fe4c9,enabled,34.78547442,32.09279209,4.319667816
08:57.6,08:57.6,28589,5f20ab04-5080-4612-b49d-c5a34844f282,enabled,34.7873637,32.0949451,38.03344293
09:03.1,09:03.1,28590,6c8dce56-da40-4c5e-9bba-eedc513fe4c9,enabled,34.78634555,32.09188894,18.37435532
09:04.3,09:04.3,28591,6c8dce56-da40-4c5e-9bba-eedc513fe4c9,enabled,34.78547442,32.09279209,4.319667816
09:07.7,09:07.7,28592,6c8dce56-da40-4c5e-9bba-eedc513fe4c9,enabled,34.78734484,32.09554609,7.952297211
09:12.6,09:12.6,28593,5f20ab04-5080-4612-b49d-c5a34844f282,enabled,34.7873411,32.0951535,39.77514787
09:12.9,09:12.9,28594,6c8dce56-da40-4c5e-9bba-eedc513fe4c9,enabled,34.78634555,32.09188894,18.37435532
09:14.3,09:14.3,28595,6c8dce56-da40-4c5e-9bba-eedc513fe4c9,enabled,34.78547442,32.09279209,4.319667816
09:23.6,09:23.6,28596,6c8dce56-da40-4c5e-9bba-eedc513fe4c9,enabled,34.78722389,32.09589105,6.78030014
09:24.3,09:24.3,28597,6c8dce56-da40-4c5e-9bba-eedc513fe4c9,enabled,34.78547442,32.09279209,4.319667816
09:24.9,09:24.9,28598,6c8dce56-da40-4c5e-9bba-eedc513fe4c9,enabled,34.78634555,32.09188894,18.37435532
09:27.6,09:27.6,28599,5f20ab04-5080-4612-b49d-c5a34844f282,enabled,34.7872736,32.0955972,48.89088428
09:33.0,09:33.0,28600,6c8dce56-da40-4c5e-9bba-eedc513fe4c9,enabled,34.78634555,32.09188894,18.37435532
09:34.3,09:34.3,28601,6c8dce56-da40-4c5e-9bba-eedc513fe4c9,enabled,34.78547442,32.09279209,4.319667816
09:38.7,09:38.7,28602,6c8dce56-da40-4c5e-9bba-eedc513fe4c9,enabled,34.78724845,32.09624338,6.179347992
09:42.6,09:42.6,28603,5f20ab04-5080-4612-b49d-c5a34844f282,enabled,34.7873436,32.0960578,39.64439108
09:42.9,09:42.9,28604,6c8dce56-da40-4c5e-9bba-eedc513fe4c9,enabled,34.78634555,32.09188894,18.37435532
09:44.4,09:44.4,28605,6c8dce56-da40-4c5e-9bba-eedc513fe4c9,enabled,34.78547442,32.09279209,4.319667816
09:53.0,09:53.0,28606,6c8dce56-da40-4c5e-9bba-eedc513fe4c9,enabled,34.78634555,32.09188894,18.37435532
09:54.0,09:54.0,28607,6c8dce56-da40-4c5e-9bba-eedc513fe4c9,enabled,34.78776569,32.09626609,5.348049164
09:54.3,09:54.3,28608,6c8dce56-da40-4c5e-9bba-eedc513fe4c9,enabled,34.78547442,32.09279209,4.319667816
09:57.6,09:57.6,28609,5f20ab04-5080-4612-b49d-c5a34844f282,enabled,34.7878341,32.0962353,17.92855566
10:03.1,10:03.1,28610,6c8dce56-da40-4c5e-9bba-eedc513fe4c9,enabled,34.78634555,32.09188894,18.37435532
10:04.4,10:04.4,28611,6c8dce56-da40-4c5e-9bba-eedc513fe4c9,enabled,34.78547442,32.09279209,4.319667816
10:09.4,10:09.4,28612,6c8dce56-da40-4c5e-9bba-eedc513fe4c9,enabled,34.78826987,32.09636035,5.812099457
10:12.6,10:12.6,28613,5f20ab04-5080-4612-b49d-c5a34844f282,enabled,34.7882254,32.0964008,17.02193737
10:13.0,10:13.0,28614,6c8dce56-da40-4c5e-9bba-eedc513fe4c9,enabled,34.78634555,32.09188894,18.37435532
10:14.4,10:14.4,28615,6c8dce56-da40-4c5e-9bba-eedc513fe4c9,enabled,34.78547442,32.09279209,4.319667816
10:23.0,10:23.0,28616,6c8dce56-da40-4c5e-9bba-eedc513fe4c9,enabled,34.78634555,32.09188894,18.37435532
10:24.4,10:24.4,28617,6c8dce56-da40-4c5e-9bba-eedc513fe4c9,enabled,34.78547442,32.09279209,4.319667816
10:24.7,10:24.7,28618,6c8dce56-da40-4c5e-9bba-eedc513fe4c9,enabled,34.7887561,32.09645703,6.018398285
10:27.6,10:27.6,28619,5f20ab04-5080-4612-b49d-c5a34844f282,enabled,34.7886609,32.0965114,13.59729436
10:33.2,10:33.2,28620,6c8dce56-da40-4c5e-9bba-eedc513fe4c9,enabled,34.78634555,32.09188894,18.37435532
10:34.4,10:34.4,28621,6c8dce56-da40-4c5e-9bba-eedc513fe4c9,enabled,34.78547442,32.09279209,4.319667816
10:40.1,10:40.1,28622,6c8dce56-da40-4c5e-9bba-eedc513fe4c9,enabled,34.78926153,32.0965564,6.327236176
10:42.0,10:42.0,28623,5f20ab04-5080-4612-b49d-c5a34844f282,enabled,34.7891702,32.0965791,13.88865355
10:43.0,10:43.0,28624,6c8dce56-da40-4c5e-9bba-eedc513fe4c9,enabled,34.78634555,32.09188894,18.37435532
10:44.2,10:44.2,28625,6c8dce56-da40-4c5e-9bba-eedc513fe4c9,enabled,34.78547442,32.09279209,4.319667816
10:52.8,10:52.8,28626,6c8dce56-da40-4c5e-9bba-eedc513fe4c9,enabled,34.78634555,32.09188894,18.37435532
10:54.2,10:54.2,28627,6c8dce56-da40-4c5e-9bba-eedc513fe4c9,enabled,34.78547442,32.09279209,4.319667816
10:55.9,10:55.9,28628,6c8dce56-da40-4c5e-9bba-eedc513fe4c9,enabled,34.78976428,32.09663519,6.269252777
10:57.1,10:57.1,28629,5f20ab04-5080-4612-b49d-c5a34844f282,enabled,34.7894975,32.0965382,19.54425738
11:03.0,11:03.0,28630,6c8dce56-da40-4c5e-9bba-eedc513fe4c9,enabled,34.78634555,32.09188894,18.37435532
11:04.4,11:04.4,28631,6c8dce56-da40-4c5e-9bba-eedc513fe4c9,enabled,34.78547442,32.09279209,4.319667816
11:10.9,11:10.9,28632,6c8dce56-da40-4c5e-9bba-eedc513fe4c9,enabled,34.79031304,32.09671247,6.594875336
11:12.1,11:12.1,28633,5f20ab04-5080-4612-b49d-c5a34844f282,enabled,34.790013,32.0965013,29.11706143
11:12.9,11:12.9,28634,6c8dce56-da40-4c5e-9bba-eedc513fe4c9,enabled,34.78634555,32.09188894,18.37435532
11:14.4,11:14.4,28635,6c8dce56-da40-4c5e-9bba-eedc513fe4c9,enabled,34.78547442,32.09279209,4.319667816
11:23.1,11:23.1,28636,6c8dce56-da40-4c5e-9bba-eedc513fe4c9,enabled,34.78634555,32.09188894,18.37435532
11:24.2,11:24.2,28637,6c8dce56-da40-4c5e-9bba-eedc513fe4c9,enabled,34.78547442,32.09279209,4.319667816
11:26.6,11:26.6,28638,6c8dce56-da40-4c5e-9bba-eedc513fe4c9,enabled,34.79077279,32.09675836,5.712306976
11:27.1,11:27.1,28639,5f20ab04-5080-4612-b49d-c5a34844f282,enabled,34.7906452,32.0966697,24.86234391
11:33.1,11:33.1,28640,6c8dce56-da40-4c5e-9bba-eedc513fe4c9,enabled,34.78634555,32.09188894,18.37435532
11:34.4,11:34.4,28641,6c8dce56-da40-4c5e-9bba-eedc513fe4c9,enabled,34.78547442,32.09279209,4.319667816
11:41.4,11:41.4,28642,6c8dce56-da40-4c5e-9bba-eedc513fe4c9,enabled,34.79135139,32.09688983,5.605495453
11:42.1,11:42.1,28643,5f20ab04-5080-4612-b49d-c5a34844f282,enabled,34.791115,32.0968293,23.06411856
11:43.0,11:43.0,28644,6c8dce56-da40-4c5e-9bba-eedc513fe4c9,enabled,34.78634555,32.09188894,18.37435532
11:44.3,11:44.3,28645,6c8dce56-da40-4c5e-9bba-eedc513fe4c9,enabled,34.78547442,32.09279209,4.319667816
11:53.1,11:53.1,28646,6c8dce56-da40-4c5e-9bba-eedc513fe4c9,enabled,34.78634555,32.09188894,18.37435532
11:54.2,11:54.2,28647,6c8dce56-da40-4c5e-9bba-eedc513fe4c9,enabled,34.78547442,32.09279209,4.319667816
11:57.1,11:57.1,28648,5f20ab04-5080-4612-b49d-c5a34844f282,enabled,34.7916298,32.0969086,25.72126757
11:57.4,11:57.4,28649,6c8dce56-da40-4c5e-9bba-eedc513fe4c9,enabled,34.79185296,32.09698664,5.675746918
12:03.0,12:03.0,28650,6c8dce56-da40-4c5e-9bba-eedc513fe4c9,enabled,34.78634555,32.09188894,18.37435532
12:04.2,12:04.2,28651,6c8dce56-da40-4c5e-9bba-eedc513fe4c9,enabled,34.78547442,32.09279209,4.319667816
12:12.1,12:12.1,28652,6c8dce56-da40-4c5e-9bba-eedc513fe4c9,enabled,34.79240256,32.09708283,5.397670746
12:12.1,12:12.1,28653,5f20ab04-5080-4612-b49d-c5a34844f282,enabled,34.7921667,32.0969935,30.9967635
12:12.9,12:12.9,28654,6c8dce56-da40-4c5e-9bba-eedc513fe4c9,enabled,34.78634555,32.09188894,18.37435532
12:14.3,12:14.3,28655,6c8dce56-da40-4c5e-9bba-eedc513fe4c9,enabled,34.78547442,32.09279209,4.319667816
12:23.1,12:23.1,28656,6c8dce56-da40-4c5e-9bba-eedc513fe4c9,enabled,34.78634555,32.09188894,18.37435532
12:24.4,12:24.4,28657,6c8dce56-da40-4c5e-9bba-eedc513fe4c9,enabled,34.78547442,32.09279209,4.319667816
12:27.1,12:27.1,28658,5f20ab04-5080-4612-b49d-c5a34844f282,enabled,34.7927319,32.0971903,14.43739107
12:28.0,12:28.0,28659,6c8dce56-da40-4c5e-9bba-eedc513fe4c9,enabled,34.79297672,32.09721719,6.144313812
12:32.9,12:32.9,28660,6c8dce56-da40-4c5e-9bba-eedc513fe4c9,enabled,34.78634555,32.09188894,18.37435532
12:34.4,12:34.4,28661,6c8dce56-da40-4c5e-9bba-eedc513fe4c9,enabled,34.78547442,32.09279209,4.319667816
12:42.1,12:42.1,28662,5f20ab04-5080-4612-b49d-c5a34844f282,enabled,34.7932147,32.0971956,23.92837262
12:42.9,12:42.9,28663,6c8dce56-da40-4c5e-9bba-eedc513fe4c9,enabled,34.79354661,32.09749224,6.481655121
12:42.9,12:42.9,28664,6c8dce56-da40-4c5e-9bba-eedc513fe4c9,enabled,34.78634555,32.09188894,18.37435532
12:44.4,12:44.4,28665,6c8dce56-da40-4c5e-9bba-eedc513fe4c9,enabled,34.78547442,32.09279209,4.319667816
12:52.9,12:52.9,28666,6c8dce56-da40-4c5e-9bba-eedc513fe4c9,enabled,34.78634555,32.09188894,18.37435532
12:54.3,12:54.3,28667,6c8dce56-da40-4c5e-9bba-eedc513fe4c9,enabled,34.78547442,32.09279209,4.319667816
12:57.1,12:57.1,28668,5f20ab04-5080-4612-b49d-c5a34844f282,enabled,34.7934833,32.0973982,24.13625934
12:58.8,12:58.8,28669,6c8dce56-da40-4c5e-9bba-eedc513fe4c9,enabled,34.79362775,32.09782953,6.92080307
13:03.0,13:03.0,28670,6c8dce56-da40-4c5e-9bba-eedc513fe4c9,enabled,34.78634555,32.09188894,18.37435532
13:04.3,13:04.3,28671,6c8dce56-da40-4c5e-9bba-eedc513fe4c9,enabled,34.78547442,32.09279209,4.319667816
13:12.2,13:12.2,28672,5f20ab04-5080-4612-b49d-c5a34844f282,enabled,34.7936318,32.0976756,38.34906052
13:12.9,13:12.9,28673,6c8dce56-da40-4c5e-9bba-eedc513fe4c9,enabled,34.78634555,32.09188894,18.37435532
13:13.6,13:13.6,28674,6c8dce56-da40-4c5e-9bba-eedc513fe4c9,enabled,34.7932939,32.09808681,7.608486176
13:14.3,13:14.3,28675,6c8dce56-da40-4c5e-9bba-eedc513fe4c9,enabled,34.78547442,32.09279209,4.319667816
13:23.0,13:23.0,28676,6c8dce56-da40-4c5e-9bba-eedc513fe4c9,enabled,34.78634555,32.09188894,18.37435532
13:24.4,13:24.4,28677,6c8dce56-da40-4c5e-9bba-eedc513fe4c9,enabled,34.78547442,32.09279209,4.319667816
13:27.1,13:27.1,28678,5f20ab04-5080-4612-b49d-c5a34844f282,enabled,34.7930013,32.0977786,26.00367601
13:29.6,13:29.6,28679,6c8dce56-da40-4c5e-9bba-eedc513fe4c9,enabled,34.79277103,32.09795815,7.793605804
13:32.9,13:32.9,28680,6c8dce56-da40-4c5e-9bba-eedc513fe4c9,enabled,34.78634555,32.09188894,18.37435532
13:34.2,13:34.2,28681,6c8dce56-da40-4c5e-9bba-eedc513fe4c9,enabled,34.78547442,32.09279209,4.319667816
13:42.1,13:42.1,28682,5f20ab04-5080-4612-b49d-c5a34844f282,enabled,34.7924216,32.0977022,23.25945747
13:42.9,13:42.9,28683,6c8dce56-da40-4c5e-9bba-eedc513fe4c9,enabled,34.78634555,32.09188894,18.37435532
13:44.9,13:44.9,28684,6c8dce56-da40-4c5e-9bba-eedc513fe4c9,enabled,34.78547442,32.09279209,4.319667816
13:44.9,13:44.9,28685,6c8dce56-da40-4c5e-9bba-eedc513fe4c9,enabled,34.79226493,32.09782605,7.569423676
13:53.0,13:53.0,28686,6c8dce56-da40-4c5e-9bba-eedc513fe4c9,enabled,34.78634555,32.09188894,18.37435532
13:54.4,13:54.4,28687,6c8dce56-da40-4c5e-9bba-eedc513fe4c9,enabled,34.78547442,32.09279209,4.319667816
13:57.1,13:57.1,28688,5f20ab04-5080-4612-b49d-c5a34844f282,enabled,34.7919471,32.0977229,24.07437332
13:59.7,13:59.7,28689,6c8dce56-da40-4c5e-9bba-eedc513fe4c9,enabled,34.79178398,32.09767333,7.566921234
14:03.0,14:03.0,28690,6c8dce56-da40-4c5e-9bba-eedc513fe4c9,enabled,34.78634555,32.09188894,18.37435532
14:04.3,14:04.3,28691,6c8dce56-da40-4c5e-9bba-eedc513fe4c9,enabled,34.78547442,32.09279209,4.319667816
14:12.2,14:12.2,28692,5f20ab04-5080-4612-b49d-c5a34844f282,enabled,34.7914078,32.0977129,27.24644174
14:12.9,14:12.9,28693,6c8dce56-da40-4c5e-9bba-eedc513fe4c9,enabled,34.78634555,32.09188894,18.37435532
14:14.3,14:14.3,28694,6c8dce56-da40-4c5e-9bba-eedc513fe4c9,enabled,34.78547442,32.09279209,4.319667816
14:14.9,14:14.9,28695,6c8dce56-da40-4c5e-9bba-eedc513fe4c9,enabled,34.79128266,32.09755125,7.090175629
14:23.0,14:23.0,28696,6c8dce56-da40-4c5e-9bba-eedc513fe4c9,enabled,34.78634555,32.09188894,18.37435532
14:24.3,14:24.3,28697,6c8dce56-da40-4c5e-9bba-eedc513fe4c9,enabled,34.78547442,32.09279209,4.319667816
14:27.1,14:27.1,28698,5f20ab04-5080-4612-b49d-c5a34844f282,enabled,34.790954,32.0976587,24.46560586
14:30.9,14:30.9,28699,6c8dce56-da40-4c5e-9bba-eedc513fe4c9,enabled,34.79073532,32.09741764,6.738430023
14:33.0,14:33.0,28700,6c8dce56-da40-4c5e-9bba-eedc513fe4c9,enabled,34.78634555,32.09188894,18.37435532
14:34.4,14:34.4,28701,6c8dce56-da40-4c5e-9bba-eedc513fe4c9,enabled,34.78547442,32.09279209,4.319667816
14:42.1,14:42.1,28702,5f20ab04-5080-4612-b49d-c5a34844f282,enabled,34.790785,32.097662,23.44652451
14:43.0,14:43.0,28703,6c8dce56-da40-4c5e-9bba-eedc513fe4c9,enabled,34.78634555,32.09188894,18.37435532
14:44.4,14:44.4,28704,6c8dce56-da40-4c5e-9bba-eedc513fe4c9,enabled,34.78547442,32.09279209,4.319667816
14:45.8,14:45.8,28705,6c8dce56-da40-4c5e-9bba-eedc513fe4c9,enabled,34.79020366,32.09732817,6.563076019
14:53.0,14:53.0,28706,6c8dce56-da40-4c5e-9bba-eedc513fe4c9,enabled,34.78634555,32.09188894,18.37435532
14:54.3,14:54.3,28707,6c8dce56-da40-4c5e-9bba-eedc513fe4c9,enabled,34.78547442,32.09279209,4.319667816
14:57.2,14:57.2,28708,5f20ab04-5080-4612-b49d-c5a34844f282,enabled,34.7901581,32.0975133,22.70906421
15:01.6,15:01.6,28709,6c8dce56-da40-4c5e-9bba-eedc513fe4c9,enabled,34.78970711,32.09726865,6.38967514
15:02.9,15:02.9,28710,6c8dce56-da40-4c5e-9bba-eedc513fe4c9,enabled,34.78634555,32.09188894,18.37435532
15:05.0,15:05.0,28711,6c8dce56-da40-4c5e-9bba-eedc513fe4c9,enabled,34.78547442,32.09279209,4.319667816
15:12.3,15:12.3,28712,5f20ab04-5080-4612-b49d-c5a34844f282,enabled,34.7895081,32.0973911,23.32080002
15:12.9,15:12.9,28713,6c8dce56-da40-4c5e-9bba-eedc513fe4c9,enabled,34.78634555,32.09188894,18.37435532
15:14.3,15:14.3,28714,6c8dce56-da40-4c5e-9bba-eedc513fe4c9,enabled,34.78547442,32.09279209,4.319667816
15:16.5,15:16.5,28715,6c8dce56-da40-4c5e-9bba-eedc513fe4c9,enabled,34.78920059,32.09721836,7.023769379
15:23.0,15:23.0,28716,6c8dce56-da40-4c5e-9bba-eedc513fe4c9,enabled,34.78634555,32.09188894,18.37435532
15:24.4,15:24.4,28717,6c8dce56-da40-4c5e-9bba-eedc513fe4c9,enabled,34.78547442,32.09279209,4.319667816
15:27.2,15:27.2,28718,5f20ab04-5080-4612-b49d-c5a34844f282,enabled,34.7890518,32.0972569,22.65593117
15:32.4,15:32.4,28719,6c8dce56-da40-4c5e-9bba-eedc513fe4c9,enabled,34.78873548,32.09718722,6.616603851
15:32.9,15:32.9,28720,6c8dce56-da40-4c5e-9bba-eedc513fe4c9,enabled,34.78634555,32.09188894,18.37435532
15:34.3,15:34.3,28721,6c8dce56-da40-4c5e-9bba-eedc513fe4c9,enabled,34.78547442,32.09279209,4.319667816
15:42.3,15:42.3,28722,5f20ab04-5080-4612-b49d-c5a34844f282,enabled,34.7885719,32.0970489,30.15580306
15:42.8,15:42.8,28723,6c8dce56-da40-4c5e-9bba-eedc513fe4c9,enabled,34.78634555,32.09188894,18.37435532
15:44.4,15:44.4,28724,6c8dce56-da40-4c5e-9bba-eedc513fe4c9,enabled,34.78547442,32.09279209,4.319667816
15:47.1,15:47.1,28725,6c8dce56-da40-4c5e-9bba-eedc513fe4c9,enabled,34.78826894,32.0971192,5.647792816
15:53.0,15:53.0,28726,6c8dce56-da40-4c5e-9bba-eedc513fe4c9,enabled,34.78634555,32.09188894,18.37435532
15:54.4,15:54.4,28727,6c8dce56-da40-4c5e-9bba-eedc513fe4c9,enabled,34.78547442,32.09279209,4.319667816
15:57.2,15:57.2,28728,5f20ab04-5080-4612-b49d-c5a34844f282,enabled,34.7885328,32.0971092,34.03762036
16:03.0,16:03.0,28729,6c8dce56-da40-4c5e-9bba-eedc513fe4c9,enabled,34.78634555,32.09188894,18.37435532
16:03.0,16:03.0,28730,6c8dce56-da40-4c5e-9bba-eedc513fe4c9,enabled,34.78778648,32.09702122,5.509731293
16:04.3,16:04.3,28731,6c8dce56-da40-4c5e-9bba-eedc513fe4c9,enabled,34.78547442,32.09279209,4.319667816
16:12.2,16:12.2,28732,5f20ab04-5080-4612-b49d-c5a34844f282,enabled,34.7878788,32.0970039,25.98263802
16:13.0,16:13.0,28733,6c8dce56-da40-4c5e-9bba-eedc513fe4c9,enabled,34.78634555,32.09188894,18.37435532
16:14.4,16:14.4,28734,6c8dce56-da40-4c5e-9bba-eedc513fe4c9,enabled,34.78547442,32.09279209,4.319667816
16:17.8,16:17.8,28735,6c8dce56-da40-4c5e-9bba-eedc513fe4c9,enabled,34.78728139,32.09695324,5.668727875
16:22.9,16:22.9,28736,6c8dce56-da40-4c5e-9bba-eedc513fe4c9,enabled,34.78634555,32.09188894,18.37435532
16:24.3,16:24.3,28737,6c8dce56-da40-4c5e-9bba-eedc513fe4c9,enabled,34.78547442,32.09279209,4.319667816
16:27.2,16:27.2,28738,5f20ab04-5080-4612-b49d-c5a34844f282,enabled,34.7874417,32.0969489,29.18539305
16:33.8,16:33.8,28739,6c8dce56-da40-4c5e-9bba-eedc513fe4c9,enabled,34.78683346,32.09690547,6.108974457
16:34.3,16:34.3,28740,6c8dce56-da40-4c5e-9bba-eedc513fe4c9,enabled,34.78547442,32.09279209,4.319667816
16:35.0,16:35.0,28741,6c8dce56-da40-4c5e-9bba-eedc513fe4c9,enabled,34.78634555,32.09188894,18.37435532
16:42.1,16:42.1,28742,5f20ab04-5080-4612-b49d-c5a34844f282,enabled,34.7866857,32.0967666,18.20791507
16:43.0,16:43.0,28743,6c8dce56-da40-4c5e-9bba-eedc513fe4c9,enabled,34.78634555,32.09188894,18.37435532
16:44.3,16:44.3,28744,6c8dce56-da40-4c5e-9bba-eedc513fe4c9,enabled,34.78547442,32.09279209,4.319667816
16:48.8,16:48.8,28745,6c8dce56-da40-4c5e-9bba-eedc513fe4c9,enabled,34.78632619,32.09682554,6.983669281
16:53.0,16:53.0,28746,6c8dce56-da40-4c5e-9bba-eedc513fe4c9,enabled,34.78634555,32.09188894,18.37435532
16:54.3,16:54.3,28747,6c8dce56-da40-4c5e-9bba-eedc513fe4c9,enabled,34.78547442,32.09279209,4.319667816
16:57.2,16:57.2,28748,5f20ab04-5080-4612-b49d-c5a34844f282,enabled,34.7864485,32.0969179,22.0187622
17:03.0,17:03.0,28749,6c8dce56-da40-4c5e-9bba-eedc513fe4c9,enabled,34.78634555,32.09188894,18.37435532
17:04.1,17:04.1,28750,6c8dce56-da40-4c5e-9bba-eedc513fe4c9,enabled,34.7858387,32.09681285,7.361049652
17:04.3,17:04.3,28751,6c8dce56-da40-4c5e-9bba-eedc513fe4c9,enabled,34.78547442,32.09279209,4.319667816
17:12.3,17:12.3,28752,5f20ab04-5080-4612-b49d-c5a34844f282,enabled,34.7859033,32.096656,27.31420868
17:13.0,17:13.0,28753,6c8dce56-da40-4c5e-9bba-eedc513fe4c9,enabled,34.78634555,32.09188894,18.37435532
17:14.4,17:14.4,28754,6c8dce56-da40-4c5e-9bba-eedc513fe4c9,enabled,34.78547442,32.09279209,4.319667816
17:19.5,17:19.5,28755,6c8dce56-da40-4c5e-9bba-eedc513fe4c9,enabled,34.78537534,32.09690878,7.03219223
17:23.0,17:23.0,28756,6c8dce56-da40-4c5e-9bba-eedc513fe4c9,enabled,34.78634555,32.09188894,18.37435532
17:24.4,17:24.4,28757,6c8dce56-da40-4c5e-9bba-eedc513fe4c9,enabled,34.78547442,32.09279209,4.319667816
17:27.2,17:27.2,28758,5f20ab04-5080-4612-b49d-c5a34844f282,enabled,34.7855463,32.096701,26.12900588
17:33.0,17:33.0,28759,6c8dce56-da40-4c5e-9bba-eedc513fe4c9,enabled,34.78634555,32.09188894,18.37435532
17:34.3,17:34.3,28760,6c8dce56-da40-4c5e-9bba-eedc513fe4c9,enabled,34.78547442,32.09279209,4.319667816
17:34.7,17:34.7,28761,6c8dce56-da40-4c5e-9bba-eedc513fe4c9,enabled,34.78490193,32.09692081,7.863674164
17:42.3,17:42.3,28762,5f20ab04-5080-4612-b49d-c5a34844f282,enabled,34.7850252,32.0968586,31.28559324
17:42.9,17:42.9,28763,6c8dce56-da40-4c5e-9bba-eedc513fe4c9,enabled,34.78634555,32.09188894,18.37435532
17:44.3,17:44.3,28764,6c8dce56-da40-4c5e-9bba-eedc513fe4c9,enabled,34.78547442,32.09279209,4.319667816
17:50.1,17:50.1,28765,6c8dce56-da40-4c5e-9bba-eedc513fe4c9,enabled,34.78442802,32.096889,7.800930023
17:52.9,17:52.9,28766,6c8dce56-da40-4c5e-9bba-eedc513fe4c9,enabled,34.78634555,32.09188894,18.37435532
17:54.4,17:54.4,28767,6c8dce56-da40-4c5e-9bba-eedc513fe4c9,enabled,34.78547442,32.09279209,4.319667816
17:57.2,17:57.2,28768,5f20ab04-5080-4612-b49d-c5a34844f282,enabled,34.7845489,32.0968385,27.03839704
18:03.0,18:03.0,28769,6c8dce56-da40-4c5e-9bba-eedc513fe4c9,enabled,34.78634555,32.09188894,18.37435532
18:04.4,18:04.4,28770,6c8dce56-da40-4c5e-9bba-eedc513fe4c9,enabled,34.78547442,32.09279209,4.319667816
18:05.5,18:05.5,28771,6c8dce56-da40-4c5e-9bba-eedc513fe4c9,enabled,34.78396676,32.09684315,7.266506195
18:12.3,18:12.3,28772,5f20ab04-5080-4612-b49d-c5a34844f282,enabled,34.7841345,32.0968503,35.34471536
18:13.0,18:13.0,28773,6c8dce56-da40-4c5e-9bba-eedc513fe4c9,enabled,34.78634555,32.09188894,18.37435532
18:14.4,18:14.4,28774,6c8dce56-da40-4c5e-9bba-eedc513fe4c9,enabled,34.78547442,32.09279209,4.319667816
18:20.8,18:20.8,28775,6c8dce56-da40-4c5e-9bba-eedc513fe4c9,enabled,34.78390926,32.09699721,7.259059906
18:23.0,18:23.0,28776,6c8dce56-da40-4c5e-9bba-eedc513fe4c9,enabled,34.78634555,32.09188894,18.37435532
18:24.4,18:24.4,28777,6c8dce56-da40-4c5e-9bba-eedc513fe4c9,enabled,34.78547442,32.09279209,4.319667816
18:27.2,18:27.2,28778,5f20ab04-5080-4612-b49d-c5a34844f282,enabled,34.7839967,32.096907,31.80662363
18:33.1,18:33.1,28779,6c8dce56-da40-4c5e-9bba-eedc513fe4c9,enabled,34.78634555,32.09188894,18.37435532
18:34.3,18:34.3,28780,6c8dce56-da40-4c5e-9bba-eedc513fe4c9,enabled,34.78547442,32.09279209,4.319667816
18:36.3,18:36.3,28781,6c8dce56-da40-4c5e-9bba-eedc513fe4c9,enabled,34.78383173,32.09717918,7.474697113
18:42.2,18:42.2,28782,5f20ab04-5080-4612-b49d-c5a34844f282,enabled,34.7838366,32.0971507,33.02373715
18:43.0,18:43.0,28783,6c8dce56-da40-4c5e-9bba-eedc513fe4c9,enabled,34.78634555,32.09188894,18.37435532
18:44.3,18:44.3,28784,6c8dce56-da40-4c5e-9bba-eedc513fe4c9,enabled,34.78547442,32.09279209,4.319667816
18:51.5,18:51.5,28785,6c8dce56-da40-4c5e-9bba-eedc513fe4c9,enabled,34.78390331,32.09704653,7.228664398
18:52.9,18:52.9,28786,6c8dce56-da40-4c5e-9bba-eedc513fe4c9,enabled,34.78634555,32.09188894,18.37435532
18:54.4,18:54.4,28787,6c8dce56-da40-4c5e-9bba-eedc513fe4c9,enabled,34.78547442,32.09279209,4.319667816
18:57.2,18:57.2,28788,5f20ab04-5080-4612-b49d-c5a34844f282,enabled,34.7838778,32.0971502,20.86699688
19:03.0,19:03.0,28789,6c8dce56-da40-4c5e-9bba-eedc513fe4c9,enabled,34.78634555,32.09188894,18.37435532
19:04.4,19:04.4,28790,6c8dce56-da40-4c5e-9bba-eedc513fe4c9,enabled,34.78547442,32.09279209,4.319667816
19:07.5,19:07.5,28791,6c8dce56-da40-4c5e-9bba-eedc513fe4c9,enabled,34.78397297,32.09703903,6.46187973
19:12.2,19:12.2,28792,5f20ab04-5080-4612-b49d-c5a34844f282,enabled,34.7838197,32.0970775,13.78391596
19:12.9,19:12.9,28793,6c8dce56-da40-4c5e-9bba-eedc513fe4c9,enabled,34.78634555,32.09188894,18.37435532
19:14.4,19:14.4,28794,6c8dce56-da40-4c5e-9bba-eedc513fe4c9,enabled,34.78547442,32.09279209,4.319667816
19:22.3,19:22.3,28795,6c8dce56-da40-4c5e-9bba-eedc513fe4c9,enabled,34.78385822,32.09714347,7.169582367
19:22.9,19:22.9,28796,6c8dce56-da40-4c5e-9bba-eedc513fe4c9,enabled,34.78634555,32.09188894,18.37435532
19:24.4,19:24.4,28797,6c8dce56-da40-4c5e-9bba-eedc513fe4c9,enabled,34.78547442,32.09279209,4.319667816
19:27.2,19:27.2,28798,5f20ab04-5080-4612-b49d-c5a34844f282,enabled,34.7838825,32.0971786,24.63402547
19:33.0,19:33.0,28799,6c8dce56-da40-4c5e-9bba-eedc513fe4c9,enabled,34.78634555,32.09188894,18.37435532
19:34.4,19:34.4,28800,6c8dce56-da40-4c5e-9bba-eedc513fe4c9,enabled,34.78547442,32.09279209,4.319667816
19:38.1,19:38.1,28801,6c8dce56-da40-4c5e-9bba-eedc513fe4c9,enabled,34.78378848,32.09715261,5.605434418
19:42.2,19:42.2,28802,5f20ab04-5080-4612-b49d-c5a34844f282,enabled,34.7837712,32.0969608,22.83399481
19:43.0,19:43.0,28803,6c8dce56-da40-4c5e-9bba-eedc513fe4c9,enabled,34.78634555,32.09188894,18.37435532
19:44.3,19:44.3,28804,6c8dce56-da40-4c5e-9bba-eedc513fe4c9,enabled,34.78547442,32.09279209,4.319667816
19:53.0,19:53.0,28805,6c8dce56-da40-4c5e-9bba-eedc513fe4c9,enabled,34.78381279,32.09671402,5.216518402
19:53.4,19:53.4,28806,6c8dce56-da40-4c5e-9bba-eedc513fe4c9,enabled,34.78634555,32.09188894,18.37435532
19:54.3,19:54.3,28807,6c8dce56-da40-4c5e-9bba-eedc513fe4c9,enabled,34.78547442,32.09279209,4.319667816
19:57.2,19:57.2,28808,5f20ab04-5080-4612-b49d-c5a34844f282,enabled,34.7838006,32.096744,26.87173122
20:03.1,20:03.1,28809,6c8dce56-da40-4c5e-9bba-eedc513fe4c9,enabled,34.78634555,32.09188894,18.37435532
20:04.3,20:04.3,28810,6c8dce56-da40-4c5e-9bba-eedc513fe4c9,enabled,34.78547442,32.09279209,4.319667816
20:08.9,20:08.9,28811,6c8dce56-da40-4c5e-9bba-eedc513fe4c9,enabled,34.78380977,32.09635775,5.484584808
20:12.3,20:12.3,28812,5f20ab04-5080-4612-b49d-c5a34844f282,enabled,34.7838553,32.0962577,32.28632056
20:13.0,20:13.0,28813,6c8dce56-da40-4c5e-9bba-eedc513fe4c9,enabled,34.78634555,32.09188894,18.37435532
20:14.3,20:14.3,28814,6c8dce56-da40-4c5e-9bba-eedc513fe4c9,enabled,34.78547442,32.09279209,4.319667816
20:22.9,20:22.9,28815,6c8dce56-da40-4c5e-9bba-eedc513fe4c9,enabled,34.78634555,32.09188894,18.37435532
20:23.5,20:23.5,28816,6c8dce56-da40-4c5e-9bba-eedc513fe4c9,enabled,34.78382871,32.09594184,5.832424164
20:24.3,20:24.3,28817,6c8dce56-da40-4c5e-9bba-eedc513fe4c9,enabled,34.78547442,32.09279209,4.319667816
20:27.3,20:27.3,28818,5f20ab04-5080-4612-b49d-c5a34844f282,enabled,34.7838699,32.0958856,31.9283843
20:33.0,20:33.0,28819,6c8dce56-da40-4c5e-9bba-eedc513fe4c9,enabled,34.78634555,32.09188894,18.37435532
20:34.3,20:34.3,28820,6c8dce56-da40-4c5e-9bba-eedc513fe4c9,enabled,34.78547442,32.09279209,4.319667816
20:38.8,20:38.8,28821,6c8dce56-da40-4c5e-9bba-eedc513fe4c9,enabled,34.78382888,32.09552157,5.986293793
20:42.1,20:42.1,28822,5f20ab04-5080-4612-b49d-c5a34844f282,enabled,34.7837896,32.0957184,30.76694127
20:42.9,20:42.9,28823,6c8dce56-da40-4c5e-9bba-eedc513fe4c9,enabled,34.78634555,32.09188894,18.37435532
20:44.4,20:44.4,28824,6c8dce56-da40-4c5e-9bba-eedc513fe4c9,enabled,34.78547442,32.09279209,4.319667816
20:53.0,20:53.0,28825,6c8dce56-da40-4c5e-9bba-eedc513fe4c9,enabled,34.78634555,32.09188894,18.37435532
20:54.1,20:54.1,28826,6c8dce56-da40-4c5e-9bba-eedc513fe4c9,enabled,34.78379351,32.095085,6.327968597
20:54.2,20:54.2,28827,6c8dce56-da40-4c5e-9bba-eedc513fe4c9,enabled,34.78547442,32.09279209,4.319667816
20:57.1,20:57.1,28828,5f20ab04-5080-4612-b49d-c5a34844f282,enabled,34.7838477,32.0950769,32.77711071
21:03.0,21:03.0,28829,6c8dce56-da40-4c5e-9bba-eedc513fe4c9,enabled,34.78634555,32.09188894,18.37435532
21:04.4,21:04.4,28830,6c8dce56-da40-4c5e-9bba-eedc513fe4c9,enabled,34.78547442,32.09279209,4.319667816
21:10.0,21:10.0,28831,6c8dce56-da40-4c5e-9bba-eedc513fe4c9,enabled,34.7836211,32.0945939,5.980007172
21:12.1,21:12.1,28832,5f20ab04-5080-4612-b49d-c5a34844f282,enabled,34.7838585,32.0946251,29.23211814
21:12.9,21:12.9,28833,6c8dce56-da40-4c5e-9bba-eedc513fe4c9,enabled,34.78634555,32.09188894,18.37435532
21:14.4,21:14.4,28834,6c8dce56-da40-4c5e-9bba-eedc513fe4c9,enabled,34.78547442,32.09279209,4.319667816
21:23.0,21:23.0,28835,6c8dce56-da40-4c5e-9bba-eedc513fe4c9,enabled,34.78634555,32.09188894,18.37435532
21:24.4,21:24.4,28836,6c8dce56-da40-4c5e-9bba-eedc513fe4c9,enabled,34.78547442,32.09279209,4.319667816
21:25.0,21:25.0,28837,6c8dce56-da40-4c5e-9bba-eedc513fe4c9,enabled,34.78354532,32.09409028,5.282497406
21:27.2,21:27.2,28838,5f20ab04-5080-4612-b49d-c5a34844f282,enabled,34.7836177,32.0942332,38.51319429
21:33.0,21:33.0,28839,6c8dce56-da40-4c5e-9bba-eedc513fe4c9,enabled,34.78634555,32.09188894,18.37435532
21:34.2,21:34.2,28840,6c8dce56-da40-4c5e-9bba-eedc513fe4c9,enabled,34.78547442,32.09279209,4.319667816
21:41.1,21:41.1,28841,6c8dce56-da40-4c5e-9bba-eedc513fe4c9,enabled,34.78339747,32.09361578,5.686061859
21:42.1,21:42.1,28842,5f20ab04-5080-4612-b49d-c5a34844f282,enabled,34.783445,32.0936775,34.57869871
21:43.0,21:43.0,28843,6c8dce56-da40-4c5e-9bba-eedc513fe4c9,enabled,34.78634555,32.09188894,18.37435532
21:44.4,21:44.4,28844,6c8dce56-da40-4c5e-9bba-eedc513fe4c9,enabled,34.78547442,32.09279209,4.319667816
21:52.9,21:52.9,28845,6c8dce56-da40-4c5e-9bba-eedc513fe4c9,enabled,34.78634555,32.09188894,18.37435532
21:54.3,21:54.3,28846,6c8dce56-da40-4c5e-9bba-eedc513fe4c9,enabled,34.78547442,32.09279209,4.319667816
21:55.9,21:55.9,28847,6c8dce56-da40-4c5e-9bba-eedc513fe4c9,enabled,34.78329663,32.09305813,6.146633148
21:57.1,21:57.1,28848,5f20ab04-5080-4612-b49d-c5a34844f282,enabled,34.783401,32.0932119,44.95576724
22:03.1,22:03.1,28849,6c8dce56-da40-4c5e-9bba-eedc513fe4c9,enabled,34.78634555,32.09188894,18.37435532
22:04.3,22:04.3,28850,6c8dce56-da40-4c5e-9bba-eedc513fe4c9,enabled,34.78547442,32.09279209,4.319667816
22:11.0,22:11.0,28851,6c8dce56-da40-4c5e-9bba-eedc513fe4c9,enabled,34.78323787,32.09262789,7.451869965
22:12.1,22:12.1,28852,5f20ab04-5080-4612-b49d-c5a34844f282,enabled,34.7831954,32.0929321,38.75838585
22:12.9,22:12.9,28853,6c8dce56-da40-4c5e-9bba-eedc513fe4c9,enabled,34.78634555,32.09188894,18.37435532
22:14.3,22:14.3,28854,6c8dce56-da40-4c5e-9bba-eedc513fe4c9,enabled,34.78547442,32.09279209,4.319667816
22:22.9,22:22.9,28855,6c8dce56-da40-4c5e-9bba-eedc513fe4c9,enabled,34.78634555,32.09188894,18.37435532
22:24.3,22:24.3,28856,6c8dce56-da40-4c5e-9bba-eedc513fe4c9,enabled,34.78547442,32.09279209,4.319667816
22:26.3,22:26.3,28857,6c8dce56-da40-4c5e-9bba-eedc513fe4c9,enabled,34.78313746,32.09219421,7.952907562
22:27.2,22:27.2,28858,5f20ab04-5080-4612-b49d-c5a34844f282,enabled,34.7831665,32.092728,39.24949176
22:33.0,22:33.0,28859,6c8dce56-da40-4c5e-9bba-eedc513fe4c9,enabled,34.78634555,32.09188894,18.37435532
22:34.4,22:34.4,28860,6c8dce56-da40-4c5e-9bba-eedc513fe4c9,enabled,34.78547442,32.09279209,4.319667816
22:41.6,22:41.6,28861,6c8dce56-da40-4c5e-9bba-eedc513fe4c9,enabled,34.78308348,32.09181484,9.06332016
22:42.1,22:42.1,28862,5f20ab04-5080-4612-b49d-c5a34844f282,enabled,34.7832762,32.0922177,50.10109523
22:42.9,22:42.9,28863,6c8dce56-da40-4c5e-9bba-eedc513fe4c9,enabled,34.78634555,32.09188894,18.37435532
22:44.3,22:44.3,28864,6c8dce56-da40-4c5e-9bba-eedc513fe4c9,enabled,34.78547442,32.09279209,4.319667816
22:53.1,22:53.1,28865,6c8dce56-da40-4c5e-9bba-eedc513fe4c9,enabled,34.78634555,32.09188894,18.37435532
22:54.3,22:54.3,28866,6c8dce56-da40-4c5e-9bba-eedc513fe4c9,enabled,34.78547442,32.09279209,4.319667816
22:56.8,22:56.8,28867,6c8dce56-da40-4c5e-9bba-eedc513fe4c9,enabled,34.78303621,32.09140627,10.48965073
22:57.1,22:57.1,28868,5f20ab04-5080-4612-b49d-c5a34844f282,enabled,34.7830477,32.0916109,32.38877761
23:03.1,23:03.1,28869,6c8dce56-da40-4c5e-9bba-eedc513fe4c9,enabled,34.78634555,32.09188894,18.37435532
23:04.4,23:04.4,28870,6c8dce56-da40-4c5e-9bba-eedc513fe4c9,enabled,34.78547442,32.09279209,4.319667816
23:12.1,23:12.1,28871,5f20ab04-5080-4612-b49d-c5a34844f282,enabled,34.783015,32.0915813,42.49306019
23:12.3,23:12.3,28872,6c8dce56-da40-4c5e-9bba-eedc513fe4c9,enabled,34.78303922,32.09106835,10.7218895
23:12.9,23:12.9,28873,6c8dce56-da40-4c5e-9bba-eedc513fe4c9,enabled,34.78634555,32.09188894,18.37435532
23:14.3,23:14.3,28874,6c8dce56-da40-4c5e-9bba-eedc513fe4c9,enabled,34.78547442,32.09279209,4.319667816
23:23.0,23:23.0,28875,6c8dce56-da40-4c5e-9bba-eedc513fe4c9,enabled,34.78634555,32.09188894,18.37435532
23:24.3,23:24.3,28876,6c8dce56-da40-4c5e-9bba-eedc513fe4c9,enabled,34.78547442,32.09279209,4.319667816
23:27.1,23:27.1,28877,5f20ab04-5080-4612-b49d-c5a34844f282,enabled,34.7830405,32.0912482,41.26382213
23:27.5,23:27.5,28878,6c8dce56-da40-4c5e-9bba-eedc513fe4c9,enabled,34.7832196,32.09102355,10.81167221
23:33.0,23:33.0,28879,6c8dce56-da40-4c5e-9bba-eedc513fe4c9,enabled,34.78634555,32.09188894,18.37435532
23:34.4,23:34.4,28880,6c8dce56-da40-4c5e-9bba-eedc513fe4c9,enabled,34.78547442,32.09279209,4.319667816
23:42.1,23:42.1,28881,5f20ab04-5080-4612-b49d-c5a34844f282,enabled,34.7833854,32.0910816,43.89267201
23:42.6,23:42.6,28882,6c8dce56-da40-4c5e-9bba-eedc513fe4c9,enabled,34.7835035,32.09099463,9.602993011
23:42.8,23:42.8,28883,6c8dce56-da40-4c5e-9bba-eedc513fe4c9,enabled,34.78634555,32.09188894,18.37435532
23:44.2,23:44.2,28884,6c8dce56-da40-4c5e-9bba-eedc513fe4c9,enabled,34.78547442,32.09279209,4.319667816
23:53.0,23:53.0,28885,6c8dce56-da40-4c5e-9bba-eedc513fe4c9,enabled,34.78634555,32.09188894,18.37435532
23:54.9,23:54.9,28886,6c8dce56-da40-4c5e-9bba-eedc513fe4c9,enabled,34.78547442,32.09279209,4.319667816
23:57.1,23:57.1,28887,5f20ab04-5080-4612-b49d-c5a34844f282,enabled,34.7837038,32.090965,30.66694205
23:57.8,23:57.8,28888,6c8dce56-da40-4c5e-9bba-eedc513fe4c9,enabled,34.78374984,32.09098168,9.919948578
24:03.0,24:03.0,28889,6c8dce56-da40-4c5e-9bba-eedc513fe4c9,enabled,34.78634555,32.09188894,18.37435532
24:04.3,24:04.3,28890,6c8dce56-da40-4c5e-9bba-eedc513fe4c9,enabled,34.78547442,32.09279209,4.319667816
24:12.1,24:12.1,28891,5f20ab04-5080-4612-b49d-c5a34844f282,enabled,34.7837764,32.0909769,35.88425854
24:13.3,24:13.3,28892,6c8dce56-da40-4c5e-9bba-eedc513fe4c9,enabled,34.78400088,32.0909368,10.26070786
24:13.3,24:13.3,28893,6c8dce56-da40-4c5e-9bba-eedc513fe4c9,enabled,34.78634555,32.09188894,18.37435532
24:14.3,24:14.3,28894,6c8dce56-da40-4c5e-9bba-eedc513fe4c9,enabled,34.78547442,32.09279209,4.319667816
24:22.8,24:22.8,28895,6c8dce56-da40-4c5e-9bba-eedc513fe4c9,enabled,34.78634555,32.09188894,18.37435532
24:24.4,24:24.4,28896,6c8dce56-da40-4c5e-9bba-eedc513fe4c9,enabled,34.78547442,32.09279209,4.319667816
24:27.2,24:27.2,28897,5f20ab04-5080-4612-b49d-c5a34844f282,enabled,34.7839526,32.0909769,37.88653728
24:28.4,24:28.4,28898,6c8dce56-da40-4c5e-9bba-eedc513fe4c9,enabled,34.78425854,32.09096773,10.495327
24:32.9,24:32.9,28899,6c8dce56-da40-4c5e-9bba-eedc513fe4c9,enabled,34.78634555,32.09188894,18.37435532
24:34.3,24:34.3,28900,6c8dce56-da40-4c5e-9bba-eedc513fe4c9,enabled,34.78547442,32.09279209,4.319667816
24:42.2,24:42.2,28901,5f20ab04-5080-4612-b49d-c5a34844f282,enabled,34.7843644,32.09091,32.56249767
24:43.0,24:43.0,28902,6c8dce56-da40-4c5e-9bba-eedc513fe4c9,enabled,34.78634555,32.09188894,18.37435532
24:43.8,24:43.8,28903,6c8dce56-da40-4c5e-9bba-eedc513fe4c9,enabled,34.78445895,32.09095708,11.11263657
24:44.3,24:44.3,28904,6c8dce56-da40-4c5e-9bba-eedc513fe4c9,enabled,34.78547442,32.09279209,4.319667816
24:53.0,24:53.0,28905,6c8dce56-da40-4c5e-9bba-eedc513fe4c9,enabled,34.78634555,32.09188894,18.37435532
24:54.4,24:54.4,28906,6c8dce56-da40-4c5e-9bba-eedc513fe4c9,enabled,34.78547442,32.09279209,4.319667816
24:57.2,24:57.2,28907,5f20ab04-5080-4612-b49d-c5a34844f282,enabled,34.7846063,32.0909463,26.38758282
24:59.2,24:59.2,28908,6c8dce56-da40-4c5e-9bba-eedc513fe4c9,enabled,34.78465886,32.09096731,11.48488998
25:03.0,25:03.0,28909,6c8dce56-da40-4c5e-9bba-eedc513fe4c9,enabled,34.78634555,32.09188894,18.37435532
25:04.3,25:04.3,28910,6c8dce56-da40-4c5e-9bba-eedc513fe4c9,enabled,34.78547442,32.09279209,4.319667816
25:12.2,25:12.2,28911,5f20ab04-5080-4612-b49d-c5a34844f282,enabled,34.7848257,32.0909413,37.97601176
25:13.0,25:13.0,28912,6c8dce56-da40-4c5e-9bba-eedc513fe4c9,enabled,34.78634555,32.09188894,18.37435532
25:14.7,25:14.7,28913,6c8dce56-da40-4c5e-9bba-eedc513fe4c9,enabled,34.78547442,32.09279209,4.319667816
25:14.7,25:14.7,28914,6c8dce56-da40-4c5e-9bba-eedc513fe4c9,enabled,34.78490336,32.09097669,11.66012192
25:22.9,25:22.9,28915,6c8dce56-da40-4c5e-9bba-eedc513fe4c9,enabled,34.78634555,32.09188894,18.37435532
25:24.4,25:24.4,28916,6c8dce56-da40-4c5e-9bba-eedc513fe4c9,enabled,34.78547442,32.09279209,4.319667816
25:27.3,25:27.3,28917,5f20ab04-5080-4612-b49d-c5a34844f282,enabled,34.7851066,32.0909493,37.97541313
25:29.9,25:29.9,28918,6c8dce56-da40-4c5e-9bba-eedc513fe4c9,enabled,34.78513076,32.09107594,11.36483383
25:32.9,25:32.9,28919,6c8dce56-da40-4c5e-9bba-eedc513fe4c9,enabled,34.78634555,32.09188894,18.37435532
25:34.3,25:34.3,28920,6c8dce56-da40-4c5e-9bba-eedc513fe4c9,enabled,34.78547442,32.09279209,4.319667816
25:42.2,25:42.2,28921,5f20ab04-5080-4612-b49d-c5a34844f282,enabled,34.7852576,32.0910523,35.21850472
25:42.9,25:42.9,28922,6c8dce56-da40-4c5e-9bba-eedc513fe4c9,enabled,34.78634555,32.09188894,18.37435532
25:44.3,25:44.3,28923,6c8dce56-da40-4c5e-9bba-eedc513fe4c9,enabled,34.78547442,32.09279209,4.319667816
25:45.3,25:45.3,28924,6c8dce56-da40-4c5e-9bba-eedc513fe4c9,enabled,34.78527702,32.09102351,11.10494614
25:52.9,25:52.9,28925,6c8dce56-da40-4c5e-9bba-eedc513fe4c9,enabled,34.78634555,32.09188894,18.37435532
25:54.3,25:54.3,28926,6c8dce56-da40-4c5e-9bba-eedc513fe4c9,enabled,34.78547442,32.09279209,4.319667816
25:57.2,25:57.2,28927,5f20ab04-5080-4612-b49d-c5a34844f282,enabled,34.7853376,32.0909791,39.77368076
26:00.6,26:00.6,28928,6c8dce56-da40-4c5e-9bba-eedc513fe4c9,enabled,34.78550275,32.09098424,11.07894516
26:03.0,26:03.0,28929,6c8dce56-da40-4c5e-9bba-eedc513fe4c9,enabled,34.78634555,32.09188894,18.37435532
26:04.4,26:04.4,28930,6c8dce56-da40-4c5e-9bba-eedc513fe4c9,enabled,34.78547442,32.09279209,4.319667816
26:12.2,26:12.2,28931,5f20ab04-5080-4612-b49d-c5a34844f282,enabled,34.7855962,32.0909701,38.90004733
26:13.0,26:13.0,28932,6c8dce56-da40-4c5e-9bba-eedc513fe4c9,enabled,34.78634555,32.09188894,18.37435532
26:14.3,26:14.3,28933,6c8dce56-da40-4c5e-9bba-eedc513fe4c9,enabled,34.78547442,32.09279209,4.319667816
26:16.4,26:16.4,28934,6c8dce56-da40-4c5e-9bba-eedc513fe4c9,enabled,34.78568145,32.09095038,11.39797592
26:22.8,26:22.8,28935,6c8dce56-da40-4c5e-9bba-eedc513fe4c9,enabled,34.78634555,32.09188894,18.37435532
26:24.4,26:24.4,28936,6c8dce56-da40-4c5e-9bba-eedc513fe4c9,enabled,34.78547442,32.09279209,4.319667816
26:27.2,26:27.2,28937,5f20ab04-5080-4612-b49d-c5a34844f282,enabled,34.7857959,32.0909881,38.7089833
26:31.1,26:31.1,28938,6c8dce56-da40-4c5e-9bba-eedc513fe4c9,enabled,34.78592092,32.09095004,10.40755844
26:32.9,26:32.9,28939,6c8dce56-da40-4c5e-9bba-eedc513fe4c9,enabled,34.78634555,32.09188894,18.37435532
26:34.4,26:34.4,28940,6c8dce56-da40-4c5e-9bba-eedc513fe4c9,enabled,34.78547442,32.09279209,4.319667816
26:42.1,26:42.1,28941,5f20ab04-5080-4612-b49d-c5a34844f282,enabled,34.7859536,32.0909954,31.30780919
26:42.9,26:42.9,28942,6c8dce56-da40-4c5e-9bba-eedc513fe4c9,enabled,34.78634555,32.09188894,18.37435532
26:44.3,26:44.3,28943,6c8dce56-da40-4c5e-9bba-eedc513fe4c9,enabled,34.78547442,32.09279209,4.319667816
26:46.5,26:46.5,28944,6c8dce56-da40-4c5e-9bba-eedc513fe4c9,enabled,34.78614338,32.09100943,10.52352524
26:53.0,26:53.0,28945,6c8dce56-da40-4c5e-9bba-eedc513fe4c9,enabled,34.78634555,32.09188894,18.37435532
26:54.4,26:54.4,28946,6c8dce56-da40-4c5e-9bba-eedc513fe4c9,enabled,34.78547442,32.09279209,4.319667816
26:57.1,26:57.1,28947,5f20ab04-5080-4612-b49d-c5a34844f282,enabled,34.7862032,32.0909712,33.06399119
27:01.8,27:01.8,28948,6c8dce56-da40-4c5e-9bba-eedc513fe4c9,enabled,34.78636575,32.09097716,10.64712143
27:03.0,27:03.0,28949,6c8dce56-da40-4c5e-9bba-eedc513fe4c9,enabled,34.78634555,32.09188894,18.37435532
27:04.3,27:04.3,28950,6c8dce56-da40-4c5e-9bba-eedc513fe4c9,enabled,34.78547442,32.09279209,4.319667816
27:12.2,27:12.2,28951,5f20ab04-5080-4612-b49d-c5a34844f282,enabled,34.786482,32.0910109,28.61139706
27:13.0,27:13.0,28952,6c8dce56-da40-4c5e-9bba-eedc513fe4c9,enabled,34.78634555,32.09188894,18.37435532
27:14.4,27:14.4,28953,6c8dce56-da40-4c5e-9bba-eedc513fe4c9,enabled,34.78547442,32.09279209,4.319667816
27:18.7,27:18.7,28954,6c8dce56-da40-4c5e-9bba-eedc513fe4c9,enabled,34.78651201,32.09109371,9.951808929
27:22.9,27:22.9,28955,6c8dce56-da40-4c5e-9bba-eedc513fe4c9,enabled,34.78634555,32.09188894,18.37435532
27:24.3,27:24.3,28956,6c8dce56-da40-4c5e-9bba-eedc513fe4c9,enabled,34.78547442,32.09279209,4.319667816
27:27.1,27:27.1,28957,5f20ab04-5080-4612-b49d-c5a34844f282,enabled,34.7865114,32.091136,30.6213948
27:33.0,27:33.0,28958,6c8dce56-da40-4c5e-9bba-eedc513fe4c9,enabled,34.78634555,32.09188894,18.37435532
27:33.0,27:33.0,28959,6c8dce56-da40-4c5e-9bba-eedc513fe4c9,enabled,34.78648813,32.09131281,9.914516449
27:34.3,27:34.3,28960,6c8dce56-da40-4c5e-9bba-eedc513fe4c9,enabled,34.78547442,32.09279209,4.319667816
27:42.3,27:42.3,28961,5f20ab04-5080-4612-b49d-c5a34844f282,enabled,34.7865034,32.0913322,37.22735144
27:42.9,27:42.9,28962,6c8dce56-da40-4c5e-9bba-eedc513fe4c9,enabled,34.78634555,32.09188894,18.37435532
27:44.3,27:44.3,28963,6c8dce56-da40-4c5e-9bba-eedc513fe4c9,enabled,34.78547442,32.09279209,4.319667816
27:49.0,27:49.0,28964,6c8dce56-da40-4c5e-9bba-eedc513fe4c9,enabled,34.78644974,32.09148719,10.25826645
27:53.0,27:53.0,28965,6c8dce56-da40-4c5e-9bba-eedc513fe4c9,enabled,34.78634555,32.09188894,18.37435532
27:54.3,27:54.3,28966,6c8dce56-da40-4c5e-9bba-eedc513fe4c9,enabled,34.78547442,32.09279209,4.319667816
27:57.1,27:57.1,28967,5f20ab04-5080-4612-b49d-c5a34844f282,enabled,34.7864203,32.0915821,55.18630254
28:03.0,28:03.0,28968,6c8dce56-da40-4c5e-9bba-eedc513fe4c9,enabled,34.78634555,32.09188894,18.37435532
28:03.6,28:03.6,28969,6c8dce56-da40-4c5e-9bba-eedc513fe4c9,enabled,34.78639123,32.09170412,11.22494125
28:04.3,28:04.3,28970,6c8dce56-da40-4c5e-9bba-eedc513fe4c9,enabled,34.78547442,32.09279209,4.319667816
28:12.2,28:12.2,28971,5f20ab04-5080-4612-b49d-c5a34844f282,enabled,34.7863215,32.0917652,32.21024406
28:13.0,28:13.0,28972,6c8dce56-da40-4c5e-9bba-eedc513fe4c9,enabled,34.78634555,32.09188894,18.37435532
28:14.4,28:14.4,28973,6c8dce56-da40-4c5e-9bba-eedc513fe4c9,enabled,34.78547442,32.09279209,4.319667816
28:19.7,28:19.7,28974,6c8dce56-da40-4c5e-9bba-eedc513fe4c9,enabled,34.78625209,32.09179967,11.05135727
28:23.0,28:23.0,28975,6c8dce56-da40-4c5e-9bba-eedc513fe4c9,enabled,34.78634555,32.09188894,18.37435532
28:24.4,28:24.4,28976,6c8dce56-da40-4c5e-9bba-eedc513fe4c9,enabled,34.78547442,32.09279209,4.319667816
28:33.1,28:33.1,28977,6c8dce56-da40-4c5e-9bba-eedc513fe4c9,enabled,34.78634555,32.09188894,18.37435532
28:34.3,28:34.3,28978,6c8dce56-da40-4c5e-9bba-eedc513fe4c9,enabled,34.78547442,32.09279209,4.319667816
28:34.5,28:34.5,28979,6c8dce56-da40-4c5e-9bba-eedc513fe4c9,enabled,34.78631387,32.0918169,12.25411606
00:17.6,00:17.6,28980,6c8dce56-da40-4c5e-9bba-eedc513fe4c9,enabled,44.50285044,40.22170454,1133.408258
00:32.7,00:32.7,28981,6c8dce56-da40-4c5e-9bba-eedc513fe4c9,enabled,44.50285711,40.22169951,1133.351793
00:47.6,00:47.6,28982,6c8dce56-da40-4c5e-9bba-eedc513fe4c9,enabled,44.50285812,40.22169953,1133.368713
01:02.7,01:02.7,28983,6c8dce56-da40-4c5e-9bba-eedc513fe4c9,enabled,44.50285809,40.22169888,1133.362658
01:17.6,01:17.6,28984,6c8dce56-da40-4c5e-9bba-eedc513fe4c9,enabled,44.50285333,40.22170224,1133.181458
01:32.7,01:32.7,28985,6c8dce56-da40-4c5e-9bba-eedc513fe4c9,enabled,44.50284888,40.22170456,1133.062677
01:47.6,01:47.6,28986,6c8dce56-da40-4c5e-9bba-eedc513fe4c9,enabled,44.50285318,40.22170228,1133.030823
02:02.7,02:02.7,28987,6c8dce56-da40-4c5e-9bba-eedc513fe4c9,enabled,44.50285975,40.22169785,1133.055651
04:09.9,04:09.9,28988,6c8dce56-da40-4c5e-9bba-eedc513fe4c9,enabled,34.78634555,32.091889,0
04:25.1,04:25.1,28989,6c8dce56-da40-4c5e-9bba-eedc513fe4c9,enabled,34.78634555,32.091889,0
04:40.1,04:40.1,28990,6c8dce56-da40-4c5e-9bba-eedc513fe4c9,enabled,34.78634555,32.091889,0
04:55.2,04:55.2,28991,6c8dce56-da40-4c5e-9bba-eedc513fe4c9,enabled,34.78634555,32.091889,0
05:10.3,05:10.3,28992,6c8dce56-da40-4c5e-9bba-eedc513fe4c9,enabled,34.78634555,32.091889,0
05:25.3,05:25.3,28993,6c8dce56-da40-4c5e-9bba-eedc513fe4c9,enabled,34.78634555,32.091889,0
05:40.4,05:40.4,28994,6c8dce56-da40-4c5e-9bba-eedc513fe4c9,enabled,34.78634555,32.091889,0
05:55.6,05:55.6,28995,6c8dce56-da40-4c5e-9bba-eedc513fe4c9,enabled,34.78634555,32.091889,0
06:10.6,06:10.6,28996,6c8dce56-da40-4c5e-9bba-eedc513fe4c9,enabled,34.78634555,32.091889,0
06:25.7,06:25.7,28997,6c8dce56-da40-4c5e-9bba-eedc513fe4c9,enabled,34.78634555,32.091889,0
06:40.7,06:40.7,28998,6c8dce56-da40-4c5e-9bba-eedc513fe4c9,enabled,34.78634555,32.091889,0
06:55.9,06:55.9,28999,6c8dce56-da40-4c5e-9bba-eedc513fe4c9,enabled,34.78634555,32.091889,0
07:10.9,07:10.9,29000,6c8dce56-da40-4c5e-9bba-eedc513fe4c9,enabled,34.78634555,32.091889,0
07:26.0,07:26.0,29001,6c8dce56-da40-4c5e-9bba-eedc513fe4c9,enabled,34.78634555,32.091889,0
07:41.1,07:41.1,29002,6c8dce56-da40-4c5e-9bba-eedc513fe4c9,enabled,34.78634555,32.091889,0
07:56.2,07:56.2,29003,6c8dce56-da40-4c5e-9bba-eedc513fe4c9,enabled,34.78634555,32.091889,0
08:11.2,08:11.2,29004,6c8dce56-da40-4c5e-9bba-eedc513fe4c9,enabled,34.78634555,32.091889,0
08:26.3,08:26.3,29005,6c8dce56-da40-4c5e-9bba-eedc513fe4c9,enabled,34.78634555,32.091889,0
08:41.4,08:41.4,29006,6c8dce56-da40-4c5e-9bba-eedc513fe4c9,enabled,34.78634555,32.091889,0
08:56.6,08:56.6,29007,6c8dce56-da40-4c5e-9bba-eedc513fe4c9,enabled,34.78634555,32.091889,0
09:11.6,09:11.6,29008,6c8dce56-da40-4c5e-9bba-eedc513fe4c9,enabled,34.78634555,32.091889,0
09:26.7,09:26.7,29009,6c8dce56-da40-4c5e-9bba-eedc513fe4c9,enabled,34.78634555,32.091889,0
09:41.7,09:41.7,29010,6c8dce56-da40-4c5e-9bba-eedc513fe4c9,enabled,34.78634555,32.091889,0
09:56.9,09:56.9,29011,6c8dce56-da40-4c5e-9bba-eedc513fe4c9,enabled,34.78634555,32.091889,0
